Catégorie;Numéro;Nom;Race;Sexe;Description;Background;Prompt
Taverne;1;Liora "Chantelune";Elfe;Femme;Une elfe charismatique aux cheveux dorés flottants, portant des vêtements colorés et élaborés, tenant un luth.;Voyage de ville en ville, racontant des histoires et chantant des ballades. Cherche à découvrir de nouvelles légendes.;D&D character design, a charismatic elven bard with flowing golden hair, wearing colorful and elaborate clothing, holding a lute
Taverne;2;Clara "La Chaleureuse";Humaine;Femme;Une serveuse au sourire amical, portant un tablier simple sur une robe rustique.;Connaît tous les secrets des clients réguliers. Utilise ses informations pour aider ceux qui en ont besoin.;D&D character design, a warm-hearted human barmaid with a friendly smile, wearing a simple apron over a rustic dress, serving drinks to patrons in a cozy, medieval-style tavern with wooden beams and flickering lanterns
Marché;1;Marcus "L'Astucieux";Humain;Homme;Un marchand rusé avec un sourire malicieux, portant des robes de soie fine.;Connu pour ses talents de négociateur et ses produits rares. Cherche à étendre son réseau commercial.;D&D character design, a cunning human merchant with a sly smile, wearing fine silk robes
Marché;2;Flick "Les Doigts Agiles";Halfelin;Homme;Un halfelin agile avec des mains rapides, portant des vêtements simples.;Utilise ses compétences pour survivre dans les rues. Rêve de réaliser un gros coup pour quitter cette vie.;D&D character design, a nimble halfling pickpocket with quick hands, wearing plain, earthy-toned clothes, sneaking through a bustling, medieval-style marketplace with wooden stalls and colorful canopies
Lieu Malfamé;1;Drago "Le Sans-Pitié";Humain;Homme;Un criminel au visage dur, portant une armure de cuir usée.;Respecté pour sa brutalité et son efficacité. Cherche à étendre son territoire tout en évitant les autorités.;D&D character design, a hard-faced human criminal, wearing worn leather armor
Lieu Malfamé;2;Grit "L'Ombre";Gnome;Homme;Un gnome discret avec des yeux perçants, portant une cape à capuche.;Vend des informations précieuses aux plus offrants. Rêve de découvrir un secret qui pourrait changer le destin de la ville.;D&D character design, a discreet gnome informant with keen eyes, wearing a hooded cloak, whispering secrets in a shadowy corner of a medieval alley with stone walls and dim torchlight
Rue/Place Publique;1;Léon "Le Peintre";Humain;Homme;Un artiste talentueux avec un béret, peignant un portrait vivant.;Utilise son art pour capturer la beauté et les émotions des gens. Rêve de voir ses œuvres exposées dans une grande galerie.;D&D character design, a talented human street artist with a beret, painting a vivid portrait on a bustling, medieval-style street corner with cobblestone paths and timber-framed houses
Rue/Place Publique;2;Éloïse "La Fervente";Humaine;Femme;Une prêcheuse passionnée avec des yeux ardents, portant des robes simples.;Prêche les enseignements de sa foi avec ferveur. Cherche à guider les âmes perdues vers la lumière.;D&D character design, a passionate human preacher with fiery eyes, wearing simple robes
Forêt/Nature;1;Théo "Le Traqueur";Humain;Homme;Un chasseur robuste avec un visage marqué par les intempéries, portant un camouflage forestier et tenant un arc.;Connaît les secrets de la forêt. Utilise ses compétences pour traquer le gibier et protéger les bois.;D&D character design, a rugged human hunter with a weathered face, wearing forest camouflage made of leather and fur, holding a bow in a dense, mystical forest with towering trees and dappled sunlight
Forêt/Nature;2;Elowen "L'Harmonieuse";Elfe;Femme;Une druidesse sereine avec une aura mystique, portant des robes ornées de feuilles.;En harmonie avec la nature. Protège les bois sacrés et cherche à préserver l'équilibre naturel.;D&D character design, a serene elven druid with a mystical aura, wearing robes adorned with leaves
Bibliothèque Ancienne;1;Alaric "Le Sage";Humain;Homme;Un érudit studieux avec des lunettes, portant une robe simple, entouré de manuscrits anciens.;Passe ses journées à étudier des textes anciens. Cherche des informations sur un artefact perdu pour sauver son village.;D&D character design, a studious human scholar with glasses, wearing a simple robe, surrounded by ancient manuscripts in a dimly lit, ancient library
Bibliothèque Ancienne;2;Bronson "Le Vigilant";Nain;Homme;Un nain robuste avec une barbe épaisse, portant une armure légère et une hache à la ceinture.;Protège les ouvrages précieux avec une détermination farouche. Empêche un groupe de voleurs de s'emparer d'un grimoire magique.;D&D character design, a sturdy dwarf guardian with a thick beard, wearing light armor and a battle axe, standing guard in an ancient library filled with precious tomes
Temple/Église;1;Élodie "La Bienveillante";Humaine;Femme;Une prêtresse dévouée avec des yeux bienveillants, portant des robes sacrées.;Guide les fidèles et offre des conseils spirituels. Cherche à apporter la lumière et l'espoir à ceux qui en ont besoin.;D&D character design, a devoted human priestess with kind eyes, wearing sacred robes, standing in a serene temple surrounded by worshippers
Temple/Église;2;Tao "L'Ascète";Humain;Homme;Un moine ascétique avec une tête rasée, portant des vêtements simples.;Vit une vie de contemplation et de prière. Cherche à atteindre l'illumination spirituelle à travers la méditation et le service.;D&D character design, an ascetic human monk with a shaved head, wearing simple robes, meditating in a tranquil temple garden
Port/Quai;1;Morgan "Le Navigateur";Humain;Homme;Un capitaine expérimenté avec une barbe bien taillée, portant un manteau de marin et un tricorne.;Navigue les mers à la recherche de trésors et d'aventures. Rêve de découvrir des terres inexplorées.;D&D character design, an experienced human captain with a neatly trimmed beard, wearing a sailor's coat and tricorne hat, standing on the deck of a ship at sea
Port/Quai;2;Rigel "L'Insaisissable";Halfelin;Homme;Un contrebandier rusé avec des yeux vifs, portant des vêtements discrets et un bandana.;Fait passer des marchandises illégales à travers les ports. Rêve de réaliser un dernier gros coup avant de se retirer.;D&D character design, a cunning halfling smuggler with quick eyes, wearing nondescript clothes and a bandana, sneaking through a bustling port with crates of contraband
Château/Palais;1;Isolde "La Gracieuse";Humaine;Femme;Une noble dame élégante, portant une tenue raffinée et des bijoux délicats.;Navigue dans les intrigues de la cour avec grâce et intelligence. Cherche à renforcer les alliances de sa famille.;D&D character design, an elegant human noblewoman wearing refined attire and delicate jewelry, standing in a grand palace ballroom
Château/Palais;2;Eamon "Le Stratège";Elfe;Homme;Un conseiller stratège avec des yeux perçants, portant des vêtements sophistiqués.;Murmure des conseils à l'oreille du roi. Cherche à maintenir la paix et la prospérité du royaume.;D&D character design, an elf advisor with keen eyes, wearing sophisticated attire, whispering advice to the king in a royal court setting
Guilde/Atelier;1;Dagmar "Le Maître du Feu";Nain;Homme;Un forgeron robuste avec une barbe épaisse, portant un tablier de cuir et des gants.;Crée des armes et des armures légendaires. Cherche à perfectionner son art et à transmettre son savoir.;D&D character design, a sturdy dwarf blacksmith with a thick beard, wearing a leather apron and gloves, hammering a glowing piece of metal in a fiery forge
Guilde/Atelier;2;Lira "La Potioniste";Gnome;Femme;Une alchimiste ingénieuse avec des lunettes de protection, portant une blouse tachée de diverses couleurs.;Expérimente avec des potions et des élixirs. Cherche à découvrir des formules magiques pour aider les aventuriers.;D&D character design, a clever gnome alchemist with protective goggles, wearing a stained lab coat, mixing colorful liquids in a cluttered workshop
Taverne;3;Aelar "Le Chanteur";Humain;Homme;Un chanteur charismatique avec une voix envoûtante, portant des vêtements de voyage usés.;A voyagé à travers les terres, partageant des chansons de héros et de légendes. Cherche à inspirer les autres avec ses mélodies.;D&D character design, a charismatic human singer with an enchanting voice, wearing worn travel clothes, performing in a bustling tavern.
Taverne;4;Brianna "La Serveuse";Halfeline;Femme;Une serveuse agile avec un sourire chaleureux, portant un tablier sur une robe simple.;Connaît tous les ragots de la ville et utilise ses informations pour aider ceux dans le besoin.;D&D character design, an agile halfling barmaid with a warm smile, wearing an apron over a simple dress, serving drinks in a lively tavern.
Taverne;5;Caelan "Le Conteur";Elfe;Homme;Un conteur avec une présence captivante, portant des vêtements élégants et colorés.;Raconte des histoires de héros et de légendes oubliées. Cherche à inspirer les autres avec ses récits.;D&D character design, an elven storyteller with a captivating presence, wearing elegant and colorful clothing, telling tales in a bustling tavern.
Taverne;6;Darian "Le Barde";Humain;Homme;Un barde talentueux avec une voix mélodieuse, portant des vêtements de voyage.;Voyage de ville en ville, chantant des ballades et racontant des histoires. Cherche à découvrir de nouvelles légendes.;D&D character design, a talented human bard with a melodious voice, wearing travel clothes, performing in a lively tavern.
Taverne;7;Eira "La Danseuse";Elfe;Femme;Une danseuse gracieuse avec des mouvements fluides, portant des vêtements colorés et élaborés.;Danse dans les tavernes, captivant le public avec ses mouvements. Cherche à apporter de la joie et de l'inspiration.;D&D character design, a graceful elven dancer with fluid movements, wearing colorful and elaborate clothing, performing in a bustling tavern.
Taverne;8;Finn "Le Musicien";Humain;Homme;Un musicien talentueux avec une maîtrise de plusieurs instruments, portant des vêtements simples.;Joue de la musique dans les tavernes, créant une ambiance chaleureuse. Cherche à partager sa passion pour la musique.;D&D character design, a talented human musician with mastery of several instruments, wearing simple clothes, playing music in a cozy tavern.
Taverne;9;Gwendolyn "L'Hôtesse";Humaine;Femme;Une hôtesse accueillante avec un sourire chaleureux, portant une robe simple mais élégante.;Accueille les clients avec chaleur et hospitalité. Cherche à créer une atmosphère conviviale dans la taverne.;D&D character design, a welcoming human hostess with a warm smile, wearing a simple yet elegant dress, greeting patrons in a cozy tavern.
Taverne;10;Hector "Le Cuisinier";Humain;Homme;Un cuisinier talentueux avec un tablier taché, portant des vêtements simples.;Prépare des plats délicieux pour les clients de la taverne. Cherche à satisfaire les papilles gustatives de chacun.;D&D character design, a talented human cook with a stained apron, wearing simple clothes, cooking delicious meals in a bustling tavern kitchen.
Marché;3;Isolde "La Marchande";Humaine;Femme;Une marchande avisée avec des yeux perçants, portant des robes de soie.;Vend des objets rares et des artefacts magiques. Cherche à étendre son réseau commercial.;D&D character design, a shrewd human merchant with keen eyes, wearing silk robes, standing behind a stall filled with rare and magical items.
Marché;4;Jasper "Le Négociateur";Humain;Homme;Un négociateur rusé avec un sourire malicieux, portant des vêtements de voyage.;Utilise ses compétences pour obtenir les meilleurs prix. Cherche à étendre son réseau commercial.;D&D character design, a cunning human negotiator with a sly smile, wearing travel clothes, haggling in a bustling market.
Marché;5;Kael "Le Vendeur";Halfelin;Homme;Un vendeur agile avec des mains rapides, portant des vêtements simples.;Vend des marchandises variées dans le marché. Cherche à faire des affaires profitables.;D&D character design, an agile halfling vendor with quick hands, wearing simple clothes, selling various goods in a bustling market.
Marché;6;Lira "L'Artisane";Gnome;Femme;Une artisane talentueuse avec des outils à la ceinture, portant des vêtements de travail.;Crée des objets artisanaux uniques. Cherche à partager son art avec le monde.;D&D character design, a talented gnome artisan with tools at her belt, wearing work clothes, selling unique handcrafted items in a bustling market.
Marché;7;Maelis "La Tisserande";Elfe;Femme;Une tisserande habile avec des doigts agiles, portant des vêtements simples.;Crée des tissus et des vêtements de haute qualité. Cherche à promouvoir l'artisanat local.;D&D character design, a skilled elven weaver with agile fingers, wearing simple clothes, selling high-quality fabrics and clothing in a bustling market.
Marché;8;Nolan "Le Forgeron";Nain;Homme;Un forgeron robuste avec une barbe épaisse, portant un tablier de cuir.;Forge des armes et des armures de haute qualité. Cherche à protéger les habitants de la ville.;D&D character design, a sturdy dwarf blacksmith with a thick beard, wearing a leather apron, selling high-quality weapons and armor in a bustling market.
Marché;9;Orion "Le Joaillier";Humain;Homme;Un joaillier talentueux avec des outils précis, portant des vêtements élégants.;Crée des bijoux et des ornements précieux. Cherche à capturer la beauté du monde.;D&D character design, a talented human jeweler with precise tools, wearing elegant clothes, selling precious jewelry and ornaments in a bustling market.
Marché;10;Phoebe "L'Herboriste";Humaine;Femme;Une herboriste avec des connaissances approfondies des plantes, portant des vêtements simples.;Vend des herbes médicinales et des remèdes naturels. Cherche à aider les gens avec ses connaissances.;D&D character design, a knowledgeable human herbalist with deep knowledge of plants, wearing simple clothes, selling medicinal herbs and natural remedies in a bustling market.
Lieu Malfamé;3;Quentin "Le Voleur";Humain;Homme;Un voleur rusé avec des yeux vifs, portant des vêtements discrets.;Utilise ses compétences pour dérober des objets de valeur. Cherche à financer un orphelinat local.;D&D character design, a cunning human thief with quick eyes, wearing nondescript clothes, sneaking through the shadows of a medieval alley.
Lieu Malfamé;4;Rhys "L'Espion";Elfe;Homme;Un espion discret avec des mouvements silencieux, portant des vêtements sombres.;Collecte des informations secrètes pour ses clients. Cherche à protéger les opprimés.;D&D character design, a discreet elven spy with silent movements, wearing dark clothes, gathering secret information in the shadows of a medieval city.
Lieu Malfamé;5;Selene "La Contrebandière";Humaine;Femme;Une contrebandière rusée avec des yeux perçants, portant des vêtements discrets.;Fait passer des marchandises illégales à travers les ports. Cherche à soutenir une rébellion contre un tyran.;D&D character design, a cunning human smuggler with keen eyes, wearing nondescript clothes, sneaking contraband through a bustling port.
Lieu Malfamé;6;Thorne "Le Mercenaire";Humain;Homme;Un mercenaire robuste avec une armure de cuir usée.;Offre ses services pour des missions dangereuses. Cherche à protéger les habitants d'un village menacé.;D&D character design, a rugged human mercenary with worn leather armor, standing guard in a shadowy alley, ready for dangerous missions.
Lieu Malfamé;7;Uther "Le Falsificateur";Humain;Homme;Un falsificateur habile avec des outils précis, portant des vêtements simples.;Crée des documents et des objets contrefaits. Cherche à exposer la corruption au sein du gouvernement.;D&D character design, a skilled human forger with precise tools, wearing simple clothes, creating counterfeit documents and items in a dimly lit workshop.
Lieu Malfamé;8;Vera "La Pickpocket";Halfeline;Femme;Une pickpocket agile avec des mains rapides, portant des vêtements discrets.;Vole des objets de valeur dans les rues bondées. Cherche à redistribuer les richesses aux pauvres.;D&D character design, a nimble halfling pickpocket with quick hands, wearing nondescript clothes, sneaking through a crowded marketplace.
Lieu Malfamé;9;Wren "L'Assassin";Elfe;Homme;Un assassin silencieux avec des mouvements furtifs, portant des vêtements sombres.;Élimine des cibles pour ses clients. Cherche à venger la mort de sa famille.;D&D character design, a silent elven assassin with stealthy movements, wearing dark clothes, stalking targets in the shadows of a medieval city.
Lieu Malfamé;10;Xander "Le Chantageur";Humain;Homme;Un chantageur rusé avec un sourire malicieux, portant des vêtements élégants.;Utilise des informations compromettantes pour faire chanter ses victimes. Cherche à financer une expédition archéologique.;D&D character design, a cunning human blackmailer with a sly smile, wearing elegant clothes, negotiating in a dimly lit tavern.
Forêt/Nature;3;Aelar "Le Rôdeur";Humain;Homme;Un rôdeur agile avec un arc, portant des vêtements de camouflage.;Patrouille dans la forêt pour protéger les habitants. Cherche à préserver l'équilibre naturel.;D&D character design, an agile human ranger with a bow, wearing camouflage clothes, patrolling a dense forest.
Forêt/Nature;4;Brianna "L'Herboriste";Halfeline;Femme;Une herboriste avec un sac rempli de plantes, portant des vêtements simples.;Collecte des plantes médicinales dans la forêt. Cherche à soigner les malades avec des remèdes naturels.;D&D character design, a halfling herbalist with a bag full of plants, wearing simple clothes, gathering medicinal herbs in a lush forest.
Forêt/Nature;5;Caelan "Le Chasseur de Primes";Elfe;Homme;Un chasseur de primes avec une épée, portant des vêtements de cuir.;Traque les criminels dans la forêt. Cherche à ramener la justice dans la région.;D&D character design, an elven bounty hunter with a sword, wearing leather clothes, tracking criminals in a dense forest.
Forêt/Nature;6;Darian "Le Garde-Chasse";Humain;Homme;Un garde-chasse avec un fusil, portant des vêtements de camouflage.;Surveille la faune et la flore de la forêt. Cherche à protéger les espèces menacées.;D&D character design, a human game warden with a rifle, wearing camouflage clothes, monitoring wildlife in a dense forest.
Forêt/Nature;7;Eira "La Gardienne des Arbres";Elfe;Femme;Une gardienne des arbres avec un bâton, portant des vêtements ornés de feuilles.;Veille sur les arbres anciens de la forêt. Cherche à préserver la magie de la nature.;D&D character design, an elven tree guardian with a staff, wearing clothes adorned with leaves, watching over ancient trees in a mystical forest.
Forêt/Nature;8;Finn "Le Pêcheur";Humain;Homme;Un pêcheur avec une canne à pêche, portant des vêtements simples.;Pêche dans les rivières de la forêt. Cherche à nourrir sa famille avec ses prises.;D&D character design, a human fisherman with a fishing rod, wearing simple clothes, fishing in a tranquil forest river.
Forêt/Nature;9;Gwendolyn "La Naturaliste";Humaine;Femme;Une naturaliste avec un carnet de notes, portant des vêtements pratiques.;Étudie la flore et la faune de la forêt. Cherche à documenter les espèces rares.;D&D character design, a human naturalist with a notebook, wearing practical clothes, studying flora and fauna in a dense forest.
Forêt/Nature;10;Hector "Le Bûcheron";Humain;Homme;Un bûcheron robuste avec une hache, portant des vêtements de travail.;Coupe du bois dans la forêt. Cherche à fournir du bois de chauffage aux villageois.;D&D character design, a robust human lumberjack with an axe, wearing work clothes, chopping wood in a dense forest.
Rue/Place Publique;3;Aelar "Le Ménestrel";Humain;Homme;Un ménestrel talentueux avec une lyre, portant des vêtements colorés.;Joue de la musique et raconte des histoires dans les rues. Cherche à apporter de la joie aux passants tout en espérant secrètement être découvert par un noble mécène.;D&D character design, a talented human minstrel with a lyre, wearing colorful clothes, performing in a bustling street with a hopeful gleam in his eyes.
Rue/Place Publique;4;Brianna "La Colporteuse";Halfeline;Femme;Une colporteuse avec un panier rempli de marchandises, portant des vêtements simples.;Vend des objets utiles et des babioles dans les rues. Cherche à économiser assez pour ouvrir sa propre boutique et prouver à sa famille qu'elle peut réussir.;D&D character design, a halfling peddler with a basket full of goods, wearing simple clothes, selling wares in a busy street with determination.
Rue/Place Publique;5;Caelan "Le Jongleur";Elfe;Homme;Un jongleur agile avec des balles colorées, portant des vêtements légers.;Effectue des numéros de jonglage pour divertir les passants. Cherche à impressionner une mystérieuse inconnue qui lui a lancé un défi.;D&D character design, an agile elven juggler with colorful balls, wearing light clothes, performing tricks in a bustling street with a hint of mystery.
Rue/Place Publique;6;Darian "Le Crieur";Humain;Homme;Un crieur public avec une voix puissante, portant des vêtements simples.;Annonce les nouvelles et les proclamations dans les rues. Cherche à utiliser sa position pour révéler les injustices de la ville.;D&D character design, a human town crier with a powerful voice, wearing simple clothes, announcing news in a crowded street with a sense of purpose.
Rue/Place Publique;7;Eira "La Mendiante";Elfe;Femme;Une mendiante avec un regard triste, portant des vêtements usés.;Demande l'aumône pour survivre dans les rues. Cherche à retrouver sa famille perdue depuis longtemps.;D&D character design, an elven beggar with a sad gaze, wearing worn clothes, asking for alms in a busy street with a glimmer of hope.
Rue/Place Publique;8;Finn "Le Montreur d'Ours";Humain;Homme;Un montreur d'ours avec un ours apprivoisé, portant des vêtements rustiques.;Montre des tours avec son ours pour divertir les passants. Cherche à gagner suffisamment pour offrir une meilleure vie à son ours bien-aimé.;D&D character design, a human bear handler with a tame bear, wearing rustic clothes, performing tricks in a bustling street with affection.
Rue/Place Publique;9;Gwendolyn "La Diseuse de Bonne Aventure";Humaine;Femme;Une diseuse de bonne aventure avec une boule de cristal, portant des vêtements mystiques.;Prédit l'avenir pour les passants curieux. Cherche à découvrir le secret de sa propre destinée.;D&D character design, a human fortune teller with a crystal ball, wearing mystical clothes, predicting futures in a busy street with intrigue.
Rue/Place Publique;10;Hector "Le Saltimbanque";Humain;Homme;Un saltimbanque avec des talents variés, portant des vêtements colorés.;Effectue des acrobaties et des tours pour divertir les passants. Cherche à impressionner une dame noble dont il est secrètement amoureux.;D&D character design, a human street performer with varied talents, wearing colorful clothes, performing acrobatics in a bustling street with hidden affection.
Bibliothèque Ancienne;3;Thalia "La Chroniqueuse";Humaine;Femme;Une chroniqueuse méticuleuse avec des lunettes, portant une robe simple.;Documente les événements historiques de la région. Cherche à préserver les récits oubliés pour les générations futures, en particulier ceux concernant une ancienne guerre oubliée.;D&D character design, a meticulous human chronicler with glasses, wearing a simple robe, surrounded by ancient manuscripts in a dimly lit library.
Bibliothèque Ancienne;4;Eldred "L'Archiviste";Halfelin;Homme;Un archiviste organisé avec un sens aigu du détail, portant des vêtements pratiques.;Classe et organise les manuscrits anciens. Cherche à découvrir des secrets cachés dans les archives royales concernant une ancienne prophétie sur la chute du royaume.;D&D character design, an organized halfling archivist with a keen eye for detail, wearing practical clothes, sorting ancient manuscripts in a dusty archive.
Bibliothèque Ancienne;5;Lysandra "La Traductrice";Elfe;Femme;Une traductrice talentueuse avec une plume à la main, portant des vêtements élégants.;Traduit des textes anciens en langues modernes. Cherche à rendre les connaissances anciennes accessibles à tous, notamment un traité perdu sur la magie des éléments.;D&D character design, a talented elven translator with a quill in hand, wearing elegant clothes, translating ancient texts in a quiet library.
Bibliothèque Ancienne;6;Gareth "Le Rechercheur";Humain;Homme;Un chercheur dévoué avec une pile de livres, portant des vêtements simples.;Étudie les textes anciens pour découvrir des vérités perdues. Cherche à résoudre le mystère de la disparition de son arrière-grand-père, un explorateur légendaire qui aurait découvert une cité perdue.;D&D character design, a devoted human researcher with a stack of books, wearing simple clothes, studying ancient texts in a dimly lit library.
Bibliothèque Ancienne;7;Mirella "La Copiste";Elfe;Femme;Une copiste habile avec une plume et un encrier, portant des vêtements sobres.;Copie des manuscrits anciens pour les préserver. Cherche à transmettre les savoirs anciens aux nouvelles générations, en particulier les enseignements d'un sage oublié.;D&D character design, a skilled elven scribe with a quill and inkwell, wearing sober clothes, copying ancient manuscripts in a quiet scriptorium.
Bibliothèque Ancienne;8;Oswald "Le Bibliothécaire";Humain;Homme;Un bibliothécaire vigilant avec un trousseau de clés, portant des vêtements simples.;Veille sur les ouvrages précieux de la bibliothèque. Cherche à protéger un grimoire ancien contenant des sorts puissants, convoité par des mages malveillants.;D&D character design, a vigilant human librarian with a set of keys, wearing simple clothes, guarding precious tomes in an ancient library.
Bibliothèque Ancienne;9;Cassandra "L'Érudite";Humaine;Femme;Une érudite passionnée avec des lunettes, portant une robe simple.;Étudie les textes anciens pour comprendre les mystères du passé. Cherche à découvrir l'origine d'un artefact mystérieux qui semble réagir à la présence de magie.;D&D character design, a passionate human scholar with glasses, wearing a simple robe, studying ancient texts in a dimly lit library.
Bibliothèque Ancienne;10;Benedict "Le Conservateur";Humain;Homme;Un conservateur dévoué avec des outils de restauration, portant des vêtements de travail.;Restaure les manuscrits anciens endommagés. Cherche à préserver l'héritage culturel de la région, notamment un parchemin déchiré décrivant un rituel ancien.;D&D character design, a devoted human conservator with restoration tools, wearing work clothes, restoring damaged manuscripts in a quiet workshop.
Temple/Église;3;Leonard "Le Prêtre";Humain;Homme;Un prêtre dévoué avec des robes sacrées, portant un symbole divin.;Guide les fidèles dans leur foi. Cherche à apporter la paix et la guérison à ceux qui en ont besoin, en particulier les victimes d'une récente épidémie.;D&D character design, a devoted human priest with sacred robes, wearing a divine symbol, guiding worshippers in a serene temple.
Temple/Église;4;Sister Amelia "La Nonne";Halfeline;Femme;Une nonne dévouée avec un voile, portant des robes simples.;Aide les pauvres et les malades dans la communauté. Cherche à incarner la compassion et la charité, tout en enquêtant sur des disparitions mystérieuses au monastère.;D&D character design, a devoted halfling nun with a veil, wearing simple robes, aiding the poor and sick in a peaceful monastery.
Temple/Église;5;Brother Eamon "Le Moine";Elfe;Homme;Un moine ascétique avec une tête rasée, portant des vêtements simples.;Vit une vie de contemplation et de prière. Cherche à atteindre l'illumination spirituelle pour comprendre la signification des visions prophétiques qui le hantent chaque nuit.;D&D character design, an ascetic elven monk with a shaved head, wearing simple clothes, meditating in a tranquil temple garden.
Temple/Église;6;Darian "Le Confesseur";Humain;Homme;Un confesseur attentif avec une expression bienveillante, portant des robes sacrées.;Écoute les confessions des fidèles. Cherche à guider les âmes perdues vers la rédemption, tout en essayant de résoudre un mystère de meurtre au sein de l'église.;D&D character design, an attentive human confessor with a kind expression, wearing sacred robes, listening to confessions in a quiet chapel.
Temple/Église;7;Eira "La Chanteuse Sacrée";Elfe;Femme;Une chanteuse sacrée avec une voix mélodieuse, portant des robes sacrées.;Chante des hymnes sacrés lors des cérémonies. Cherche à apaiser les âmes troublées par des chants anciens, tout en protégeant un secret lié à un artefact sacré.;D&D character design, a melodious elven sacred singer with sacred robes, singing hymns during ceremonies in a grand cathedral.
Temple/Église;8;Finn "Le Gardien du Temple";Humain;Homme;Un gardien vigilant avec une armure légère, portant un symbole sacré.;Protège le temple et ses trésors sacrés. Cherche à défendre le sanctuaire contre les menaces extérieures, tout en recherchant un ancien texte sacré perdu.;D&D character design, a vigilant human temple guard with light armor, wearing a sacred symbol, guarding the temple and its holy treasures.
Temple/Église;9;Gwendolyn "La Guérisseuse";Humaine;Femme;Une guérisseuse dévouée avec des herbes médicinales, portant des robes simples.;Soigne les malades et les blessés avec des remèdes naturels. Cherche à découvrir un remède ancien pour une maladie rare qui touche les enfants du village.;D&D character design, a devoted human healer with medicinal herbs, wearing simple robes, tending to the sick and injured in a peaceful temple infirmary.
Temple/Église;10;Hector "Le Missionnaire";Humain;Homme;Un missionnaire passionné avec un bâton de marche, portant des vêtements de voyage.;Voyage pour répandre la foi et aider les communautés éloignées. Cherche à établir un nouveau temple dans une région reculée, malgré les dangers du voyage.;D&D character design, a passionate human missionary with a walking staff, wearing travel clothes, spreading faith and aid to remote communities.
Port/Quai;3;Thalia "La Capitaine";Humaine;Femme;Une capitaine expérimentée avec une veste de marin et un tricorne.;Navigue les mers à la recherche de trésors et d'aventures. Cherche à découvrir l'emplacement d'un trésor englouti, selon une carte ancienne.;D&D character design, an experienced human captain with a sailor's coat and tricorne hat, standing on the deck of a ship at sea.
Port/Quai;4;Eldred "Le Marchand";Halfelin;Homme;Un marchand rusé avec un sourire malicieux, portant des vêtements de voyage.;Commerce avec des marchandises exotiques venant de terres lointaines. Cherche à établir une nouvelle route commerciale vers un continent inexploré.;D&D character design, a cunning halfling merchant with a sly smile, wearing travel clothes, negotiating deals on a bustling dock.
Port/Quai;5;Lysandra "La Pêcheuse";Elfe;Femme;Une pêcheuse habile avec un filet de pêche, portant des vêtements pratiques.;Pêche dans les eaux du port pour nourrir sa famille. Cherche à capturer une créature marine légendaire qui, selon la légende, exaucerait un vœu.;D&D character design, a skilled elven fisherwoman with a fishing net, wearing practical clothes, fishing in the harbor waters.
Port/Quai;6;Gareth "Le Contremaître";Humain;Homme;Un contremaître robuste avec un fouet, portant des vêtements de travail.;Supervise le chargement et le déchargement des navires. Cherche à déjouer un complot de contrebande qui menace la sécurité du port.;D&D character design, a robust human foreman with a whip, wearing work clothes, overseeing the loading and unloading of ships at the dock.
Port/Quai;7;Mirella "La Cartographe";Elfe;Femme;Une cartographe méticuleuse avec des outils de dessin, portant des vêtements de voyage.;Crée des cartes précises des mers et des côtes. Cherche à cartographier une île mystérieuse récemment découverte, réputée pour ses richesses cachées.;D&D character design, a meticulous elven cartographer with drawing tools, wearing travel clothes, mapping the seas and coasts in a quiet study.
Port/Quai;8;Oswald "Le Charpentier de Marine";Humain;Homme;Un charpentier de marine avec des outils de menuiserie, portant des vêtements de travail.;Répare et construit des navires. Cherche à construire le navire parfait pour explorer les mers inconnues.;D&D character design, a skilled human shipwright with carpentry tools, wearing work clothes, repairing and building ships in a busy shipyard.
Port/Quai;9;Cassandra "La Matelote";Humaine;Femme;Une matelote avec un tablier, portant des vêtements simples.;Prépare des repas pour les marins. Cherche à cuisiner le repas parfait pour remonter le moral de l'équipage lors d'un long voyage.;D&D character design, a human cook with an apron, wearing simple clothes, preparing meals for sailors in a bustling ship's galley.
Port/Quai;10;Benedict "Le Dockworker";Humain;Homme;Un dockworker robuste avec des gants de travail, portant des vêtements pratiques.;Charge et décharge les marchandises des navires. Cherche à découvrir l'origine d'une cargaison mystérieuse abandonnée sur le quai.;D&D character design, a robust human dockworker with work gloves, wearing practical clothes, loading and unloading cargo from ships on a busy dock.
Château/Palais;3;Leonard "Le Conseiller";Humain;Homme;Un conseiller avisé avec des robes élégantes, portant un insigne royal.;Conseille le roi sur les affaires d'État. Cherche à naviguer les intrigues de la cour pour protéger le royaume d'une menace interne.;D&D character design, a wise human advisor with elegant robes, wearing a royal insignia, advising the king in a grand throne room.
Château/Palais;4;Sister Amelia "La Dame de Compagnie";Halfeline;Femme;Une dame de compagnie avec des robes raffinées, portant un diadème.;Accompagne la reine dans ses devoirs royaux. Cherche à découvrir qui en veut à la vie de la reine après plusieurs tentatives d'assassinat.;D&D character design, a refined halfling lady-in-waiting with elegant robes, wearing a diadem, accompanying the queen in royal duties.
Château/Palais;5;Brother Eamon "Le Chevalier";Elfe;Homme;Un chevalier loyal avec une armure étincelante, portant une épée ornée.;Protège le roi et la famille royale. Cherche à démasquer un traître au sein de la garde royale.;D&D character design, an loyal elven knight with shining armor, wearing an ornate sword, standing guard in the royal court.
Château/Palais;6;Darian "Le Chambellan";Humain;Homme;Un chambellan organisé avec des vêtements formels, portant un registre.;Gère les affaires quotidiennes du palais. Cherche à résoudre des disparitions mystérieuses parmi le personnel du palais.;D&D character design, an organized human chamberlain with formal attire, wearing a ledger, managing palace affairs in a grand hall.
Château/Palais;7;Eira "La Diplomate";Elfe;Femme;Une diplomate élégante avec des robes sophistiquées, portant un collier de perles.;Négocie des alliances et des traités avec d'autres royaumes. Cherche à éviter une guerre imminente par des négociations habiles.;D&D character design, an elegant elven diplomat with sophisticated robes, wearing a pearl necklace, negotiating treaties in a grand council chamber.
Château/Palais;8;Finn "Le Maître des Réjouissances";Humain;Homme;Un maître des réjouissances avec des vêtements colorés, portant un chapeau festif.;Organise les fêtes et les célébrations royales. Cherche à impressionner le roi avec une fête grandiose pour célébrer un jubilé important.;D&D character design, a festive human master of revels with colorful clothes, wearing a festive hat, organizing royal celebrations in a grand banquet hall.
Château/Palais;9;Gwendolyn "La Gouvernante";Humaine;Femme;Une gouvernante stricte avec des vêtements sobres, portant un trousseau de clés.;Supervise le personnel du palais. Cherche à maintenir l'ordre et la discipline parmi les serviteurs, tout en protégeant un secret royal.;D&D character design, a strict human housekeeper with sober clothes, wearing a set of keys, supervising palace staff in a busy corridor.
Château/Palais;10;Hector "Le Héraut";Humain;Homme;Un héraut avec une trompette et des vêtements cérémoniels.;Annonce les proclamations royales et les événements importants. Cherche à devenir le héraut personnel du roi, malgré la concurrence féroce.;D&D character design, a human herald with a trumpet and ceremonial attire, announcing royal proclamations in a grand courtyard.
Guilde/Atelier;3;Thalia "La Forgeronne";Humaine;Femme;Une forgeronne robuste avec un tablier de cuir, portant des gants de protection.;Forge des armes et des armures de haute qualité. Cherche à créer l'épée parfaite pour un champion légendaire.;D&D character design, a robust human blacksmith with a leather apron, wearing protective gloves, hammering a glowing piece of metal in a fiery forge.
Guilde/Atelier;4;Eldred "L'Alchimiste";Halfelin;Homme;Un alchimiste ingénieux avec des lunettes de protection, portant une blouse tachée.;Expérimente avec des potions et des élixirs. Cherche à découvrir une formule magique pour guérir une maladie incurable.;D&D character design, a clever halfling alchemist with protective goggles, wearing a stained lab coat, mixing colorful liquids in a cluttered workshop.
Guilde/Atelier;5;Lysandra "La Tailleuse";Elfe;Femme;Une tailleuse talentueuse avec des aiguilles et du fil, portant des vêtements élégants.;Crée des vêtements sur mesure pour la noblesse. Cherche à confectionner la robe parfaite pour le bal royal à venir.;D&D character design, a talented elven seamstress with needles and thread, wearing elegant clothes, crafting custom garments in a well-lit atelier.
Guilde/Atelier;6;Gareth "Le Menuisier";Humain;Homme;Un menuisier habile avec des outils de menuiserie, portant un tablier de travail.;Crée des meubles et des structures en bois. Cherche à construire un meuble unique pour un client exigeant, utilisant un bois rare.;D&D character design, a skilled human carpenter with woodworking tools, wearing a work apron, crafting furniture in a busy workshop.
Guilde/Atelier;7;Mirella "La Sculptrice";Elfe;Femme;Une sculptrice talentueuse avec des outils de sculpture, portant des vêtements tachés de pierre.;Crée des statues et des œuvres d'art en pierre. Cherche à sculpter une statue monumentale pour honorer un héros local.;D&D character design, a talented elven sculptor with sculpting tools, wearing stone-stained clothes, crafting statues in a dusty studio.
Guilde/Atelier;8;Oswald "Le Verrier";Humain;Homme;Un verrier talentueux avec des outils de verrerie, portant des vêtements protecteurs.;Crée des objets en verre délicats. Cherche à créer une pièce de verre parfaite pour une exposition royale.;D&D character design, a skilled human glassblower with glassworking tools, wearing protective clothes, crafting delicate glass objects in a hot workshop.
Guilde/Atelier;9;Cassandra "La Tisserande";Humaine;Femme;Une tisserande habile avec un métier à tisser, portant des vêtements simples.;Crée des tissus et des tapisseries complexes. Cherche à tisser une tapisserie racontant l'histoire épique d'un héros oublié.;D&D character design, a skilled human weaver with a loom, wearing simple clothes, weaving intricate tapestries in a quiet studio.
Guilde/Atelier;10;Benedict "Le Tanneur";Humain;Homme;Un tanneur robuste avec des outils de tannage, portant un tablier de cuir.;Traite les peaux pour en faire du cuir. Cherche à créer le cuir le plus fin pour une commande spéciale d'un noble.;D&D character design, a robust human tanner with tanning tools, wearing a leather apron, treating hides in a busy tannery.
Militaire;1;Thalia "La Capitaine";Humaine;Femme;Une capitaine déterminée avec une armure polie, portant une épée.;Commande une unité de soldats d'élite. Cherche à protéger les frontières du royaume contre les invasions ennemies.;D&D character design, a determined human captain with polished armor, wearing a sword, leading troops on a fortified border.
Militaire;2;Eldred "Le Sergent";Halfelin;Homme;Un sergent rigoureux avec une armure légère, portant un bouclier.;Entraîne les nouvelles recrues pour le combat. Cherche à former la prochaine génération de héros pour défendre la patrie.;D&D character design, a rigorous halfling sergeant with light armor, wearing a shield, training recruits in a military camp.
Militaire;3;Lysandra "L'Éclaireuse";Elfe;Femme;Une éclaireuse agile avec un arc long, portant des vêtements de camouflage.;Patrouille les territoires ennemis pour recueillir des informations. Cherche à découvrir les plans de bataille de l'ennemi pour anticiper leurs mouvements.;D&D character design, an agile elven scout with a longbow, wearing camouflage clothes, scouting enemy territories for intelligence.
Militaire;4;Gareth "Le Chevalier";Humain;Homme;Un chevalier loyal avec une armure de plaques, portant une lance.;Défend le royaume avec honneur et bravoure. Cherche à prouver sa valeur sur le champ de bataille et à gagner le respect de ses pairs.;D&D character design, a loyal human knight with plate armor, wearing a lance, defending the kingdom on the battlefield.
Militaire;5;Mirella "La Guérisseuse de Guerre";Elfe;Femme;Une guérisseuse de guerre avec un bâton de soin, portant des robes ornées de symboles sacrés.;Soigne les blessés sur le champ de bataille. Cherche à développer de nouvelles techniques de guérison pour sauver plus de vies.;D&D character design, a war healer with a healing staff, wearing robes adorned with sacred symbols, tending to the wounded on the battlefield.
Militaire;6;Oswald "L'Ingénieur";Humain;Homme;Un ingénieur militaire avec des outils de construction, portant une armure légère.;Conçoit et construit des fortifications et des engins de siège. Cherche à créer des défenses imprenables pour protéger le royaume.;D&D character design, a military engineer with construction tools, wearing light armor, designing fortifications and siege engines.
Militaire;7;Cassandra "L'Espionne";Humaine;Femme;Une espionne discrète avec des vêtements sombres, portant des dagues cachées.;Infiltre les lignes ennemies pour recueillir des informations cruciales. Cherche à déjouer un complot visant à renverser le gouvernement.;D&D character design, a discreet human spy with dark clothes, wearing hidden daggers, infiltrating enemy lines to gather intelligence.
Militaire;8;Benedict "Le Stratège";Humain;Homme;Un stratège avisé avec une carte de bataille, portant des vêtements formels.;Élabore des plans de bataille pour l'armée. Cherche à anticiper les mouvements de l'ennemi et à mener le royaume vers la victoire.;D&D character design, a wise human strategist with a battle map, wearing formal attire, planning military strategies in a war room.
Militaire;9;Leonard "Le Lieutenant";Humain;Homme;Un lieutenant courageux avec une armure de combat, portant une épée longue.;Mène les troupes au front avec bravoure. Cherche à inspirer ses soldats et à les guider vers la victoire.;D&D character design, a brave human lieutenant with combat armor, wearing a longsword, leading troops on the front lines.
Militaire;10;Sister Amelia "La Chapelaine";Halfeline;Femme;Une chapelaine dévouée avec des robes sacrées, portant un symbole divin.;Offre un soutien spirituel aux soldats. Cherche à maintenir le moral des troupes et à les guider dans les moments de doute.;D&D character design, a devoted halfling chaplain with sacred robes, wearing a divine symbol, offering spiritual support to soldiers in a military chapel.
Bibliothèque Ancienne;11;Evelyn "La Linguiste";Humaine;Femme;Une linguiste passionnée avec des livres anciens, portant des lunettes.;Étudie les langues anciennes pour déchiffrer des textes oubliés. Cherche à découvrir un dialecte perdu qui pourrait révéler des secrets anciens.;D&D character design, a passionate human linguist with glasses, surrounded by ancient books, deciphering forgotten texts.
Bibliothèque Ancienne;12;Fergus "Le Cartographe Maladroit";Humain;Homme;Un cartographe maladroit avec des outils de dessin, portant des vêtements tachés d'encre.;Crée des cartes imprécises qui mènent souvent à des impasses. Cherche à améliorer ses compétences malgré ses erreurs fréquentes.;D&D character design, a clumsy human cartographer with drawing tools, wearing ink-stained clothes, struggling to create accurate maps.
Bibliothèque Ancienne;13;Margaret "L'Historienne Bavarde";Humaine;Femme;Une historienne bavarde avec des notes éparses, portant une robe froissée.;Raconte des anecdotes historiques interminables. Cherche à captiver son auditoire, même si cela signifie ennuyer tout le monde.;D&D character design, a talkative human historian with scattered notes, wearing a wrinkled robe, sharing endless historical anecdotes.
Bibliothèque Ancienne;14;Oliver "Le Philosophe Pessimiste";Humain;Homme;Un philosophe pessimiste avec des livres de sagesse, portant des vêtements négligés.;Réfléchit sur les aspects sombres de l'existence. Cherche à convaincre les autres que tout effort est vain.;D&D character design, a pessimistic human philosopher with wisdom books, wearing neglected clothes, contemplating life's darker aspects.
Bibliothèque Ancienne;15;Clara "La Calligraphe Perfectionniste";Humaine;Femme;Une calligraphe perfectionniste avec une plume et de l'encre, portant des vêtements impeccables.;Crée des manuscrits ornés mais prend tellement de temps qu'elle rate souvent les délais. Cherche à atteindre la perfection, même si cela signifie travailler sans relâche.;D&D character design, a perfectionist human calligrapher with a quill and ink, wearing impeccable clothes, crafting ornate manuscripts slowly.
Bibliothèque Ancienne;16;Reginald "Le Bibliophile Radin";Humain;Homme;Un bibliophile radin avec une collection de livres rares, portant des vêtements usés.;Collectionne des livres rares mais refuse de les prêter à quiconque. Cherche à protéger ses trésors littéraires à tout prix.;D&D character design, a stingy human bibliophile with a collection of rare books, wearing worn clothes, guarding his literary treasures.
Bibliothèque Ancienne;17;Nolan "Le Cryptographe Paranoïaque";Halfelin;Homme;Un cryptographe paranoïaque avec des outils de décryptage, portant des vêtements sombres.;Décrypte des codes anciens mais croit que tout le monde essaie de voler ses découvertes. Cherche à protéger ses secrets, même de ses alliés.;D&D character design, a paranoid halfling cryptographer with decryption tools, wearing dark clothes, guarding his secrets closely.
Bibliothèque Ancienne;18;Aria "La Copiste Distraite";Elfe;Femme;Une copiste distraite avec une plume et un encrier, portant des vêtements tachés d'encre.;Copie des manuscrits anciens mais fait souvent des erreurs. Cherche à se concentrer davantage, mais son esprit vagabonde constamment.;D&D character design, a distracted elven scribe with a quill and inkwell, wearing ink-stained clothes, making frequent mistakes while copying manuscripts.
Bibliothèque Ancienne;19;Edgar "Le Conservateur Maladroit";Humain;Homme;Un conservateur maladroit avec des outils de restauration, portant des vêtements tachés.;Restaure les manuscrits anciens mais cause souvent plus de dégâts qu'il n'en répare. Cherche à améliorer ses compétences malgré ses maladresses.;D&D character design, a clumsy human conservator with restoration tools, wearing stained clothes, accidentally damaging manuscripts while trying to restore them.
Bibliothèque Ancienne;20;Beatrice "L'Érudite Excentrique";Humaine;Femme;Une érudite excentrique avec des lunettes de travers, portant une robe bariolée.;Étudie des textes anciens mais a des théories farfelues sur leur signification. Cherche à convaincre les autres de ses idées, même si elles semblent absurdes.;D&D character design, an eccentric human scholar with crooked glasses, wearing a colorful robe, sharing outlandish theories about ancient texts.
Temple/Église;11;Roderick "Le Prêtre Hypocrite";Humain;Homme;Un prêtre hypocrite avec des robes sacrées, portant un symbole divin.;Prêche la charité mais vit dans le luxe. Cherche à maintenir son statut social tout en évitant les critiques.;D&D character design, a hypocritical human priest with sacred robes, wearing a divine symbol, preaching charity while living in luxury.
Temple/Église;12;Sister Felicity "La Nonne Rebelle";Halfeline;Femme;Une nonne rebelle avec un voile, portant des robes simples.;Aide les pauvres mais défie souvent les règles du monastère. Cherche à apporter des changements dans l'ordre religieux, même si cela signifie désobéir.;D&D character design, a rebellious halfling nun with a veil, wearing simple robes, defying monastery rules to help the poor.
Temple/Église;13;Brother Cedric "Le Moine Gourmand";Elfe;Homme;Un moine gourmand avec une bedaine, portant des vêtements simples.;Vit une vie de contemplation mais ne peut résister aux plaisirs de la table. Cherche à justifier ses excès en les présentant comme des offrandes divines.;D&D character design, an indulgent elven monk with a belly, wearing simple clothes, justifying his overindulgence as divine offerings.
Temple/Église;14;Darius "Le Confesseur Indiscret";Humain;Homme;Un confesseur indiscret avec une expression curieuse, portant des robes sacrées.;Écoute les confessions mais répand souvent les secrets entendus. Cherche à utiliser les informations pour son propre avantage.;D&D character design, an indiscreet human confessor with a curious expression, wearing sacred robes, spreading secrets heard in confession.
Temple/Église;15;Elara "La Chanteuse Sacrée Dissonante";Elfe;Femme;Une chanteuse sacrée avec une voix désaccordée, portant des robes sacrées.;Chante des hymnes sacrés mais manque souvent de justesse. Cherche à améliorer sa voix, mais ses efforts sont souvent vains.;D&D character design, an off-key elven sacred singer with sacred robes, struggling to sing hymns in tune.
Temple/Église;16;Gerald "Le Gardien du Temple Endormi";Humain;Homme;Un gardien du temple souvent endormi, portant une armure légère.;Protège le temple mais s'endort souvent pendant son service. Cherche à rester éveillé, mais la fatigue le rattrape toujours.;D&D character design, a sleepy human temple guard with light armor, struggling to stay awake during his watch.
Temple/Église;17;Hilda "La Guérisseuse Maladroite";Humaine;Femme;Une guérisseuse maladroite avec des herbes médicinales, portant des robes tachées.;Soigne les malades mais fait souvent plus de dégâts qu'autre chose. Cherche à améliorer ses compétences, mais ses mains tremblent sous la pression.;D&D character design, a clumsy human healer with medicinal herbs, wearing stained robes, accidentally causing more harm than good.
Temple/Église;18;Ivor "Le Missionnaire Perdu";Humain;Homme;Un missionnaire perdu avec un bâton de marche, portant des vêtements de voyage usés.;Voyage pour répandre la foi mais se perd souvent en chemin. Cherche à retrouver son chemin, tant littéralement que spirituellement.;D&D character design, a lost human missionary with a walking staff, wearing worn travel clothes, frequently losing his way.
Temple/Église;19;Jocelyn "La Chapelaine Sceptique";Humaine;Femme;Une chapelaine sceptique avec des robes sacrées, portant un symbole divin.;Offre un soutien spirituel mais doute souvent de sa propre foi. Cherche à retrouver sa foi tout en aidant les autres à trouver la leur.;D&D character design, a skeptical human chaplain with sacred robes, wearing a divine symbol, questioning her own faith while supporting others.
Temple/Église;20;Kendrick "Le Prêtre Excentrique";Humain;Homme;Un prêtre excentrique avec des robes colorées, portant des accessoires étranges.;Prêche des sermons inhabituels qui laissent souvent les fidèles perplexes. Cherche à apporter une nouvelle perspective à la foi, même si cela signifie défier les traditions.;D&D character design, an eccentric human priest with colorful robes, wearing strange accessories, delivering unusual sermons that puzzle the faithful.
Port/Quai;11;Adeline "La Capitaine Émérite";Humaine;Femme;Une capitaine émérite avec une veste de marin usée, portant un tricorne cabossé.;Navigue les mers avec une expérience inégalée. Cherche à transmettre son savoir aux jeunes marins, même si ses méthodes sont parfois brutales.;D&D character design, an experienced human captain with a worn sailor's coat and a battered tricorne, commanding respect on the high seas.
Port/Quai;12;Eamon "Le Marchand Rusé";Halfelin;Homme;Un marchand rusé avec un sourire malicieux, portant des vêtements de voyage tachés.;Commerce avec des marchandises exotiques mais est connu pour arnaquer ses clients. Cherche à maximiser ses profits, même si cela signifie tromper les autres.;D&D character design, a cunning halfling merchant with a sly smile, wearing stained travel clothes, swindling customers with exotic goods.
Port/Quai;13;Lydia "La Pêcheuse Malchanceuse";Elfe;Femme;Une pêcheuse malchanceuse avec un filet troué, portant des vêtements usés.;Pêche dans les eaux du port mais attrape rarement quelque chose. Cherche à améliorer sa chance, mais le destin semble toujours contre elle.;D&D character design, an unlucky elven fisherwoman with a torn net, wearing worn clothes, struggling to catch anything in the harbor waters.
Port/Quai;14;Gideon "Le Contremaître Corrompu";Humain;Homme;Un contremaître corrompu avec un fouet, portant des vêtements de travail sales.;Supervise le chargement et le déchargement des navires mais accepte des pots-de-vin. Cherche à enrichir ses propres poches, même si cela signifie trahir ses responsabilités.;D&D character design, a corrupt human foreman with a whip, wearing dirty work clothes, accepting bribes while overseeing ship loading.
Port/Quai;15;Miranda "La Cartographe Rêveuse";Elfe;Femme;Une cartographe rêveuse avec des outils de dessin, portant des vêtements fantaisistes.;Crée des cartes de terres imaginaires plutôt que de se concentrer sur des lieux réels. Cherche à inspirer les autres avec ses créations, même si elles ne sont pas pratiques.;D&D character design, a dreamy elven cartographer with drawing tools, wearing whimsical clothes, creating maps of imaginary lands.
Port/Quai;16;Otto "Le Charpentier de Marine Paresseux";Humain;Homme;Un charpentier de marine paresseux avec des outils de menuiserie, portant des vêtements de travail tachés.;Répare et construit des navires mais prend souvent des pauses prolongées. Cherche à trouver un équilibre entre travail et détente, même si cela signifie négliger ses tâches.;D&D character design, a lazy human shipwright with carpentry tools, wearing stained work clothes, taking frequent breaks while repairing ships.
Port/Quai;17;Cordelia "La Matelote Créative";Humaine;Femme;Une matelote créative avec un tablier coloré, portant des vêtements simples.;Prépare des repas pour les marins mais expérimente souvent avec des ingrédients étranges. Cherche à surprendre les marins avec ses créations culinaires, même si elles ne sont pas toujours appréciées.;D&D character design, a creative human cook with a colorful apron, wearing simple clothes, experimenting with strange ingredients in the ship's galley.
Port/Quai;18;Bernard "Le Dockworker Maladroit";Humain;Homme;Un dockworker maladroit avec des gants de travail usés, portant des vêtements tachés.;Charge et décharge les marchandises des navires mais cause souvent des accidents. Cherche à améliorer ses compétences, mais sa maladresse le rattrape toujours.;D&D character design, a clumsy human dockworker with worn work gloves, wearing stained clothes, causing accidents while loading and unloading cargo.
Port/Quai;19;Lydia "La Capitaine Pirate";Humaine;Femme;Une capitaine pirate avec une veste de marin déchirée, portant un bandana.;Navigue les mers à la recherche de trésors à piller. Cherche à éviter les autorités tout en augmentant sa richesse.;D&D character design, a pirate human captain with a torn sailor's coat and a bandana, commanding a crew of rogues on the high seas.
Port/Quai;20;Felix "Le Contrebandier";Halfelin;Homme;Un contrebandier avec des vêtements discrets, portant un bandana.;Fait passer des marchandises illégales à travers les ports. Cherche à éviter les autorités tout en maximisant ses profits.;D&D character design, a halfling smuggler with nondescript clothes and a bandana, sneaking contraband through busy ports.
Château/Palais;11;Vivian "La Conseillère Ambitieuse";Humaine;Femme;Une conseillère ambitieuse avec des robes élégantes, portant un insigne royal.;Conseille le roi sur les affaires d'État mais cherche secrètement à prendre sa place. Cherche à manipuler les événements pour atteindre ses objectifs personnels.;D&D character design, an ambitious human advisor with elegant robes, wearing a royal insignia, whispering advice to the king with hidden motives.
Château/Palais;12;Gerard "Le Sergent de la Garde";Halfelin;Homme;Un sergent de la garde avec une armure légère, portant un bouclier.;Entraîne les nouvelles recrues mais est connu pour son tempérament explosif. Cherche à maintenir la discipline, même si cela signifie être craint plutôt que respecté.;D&D character design, an explosive halfling sergeant with light armor, wearing a shield, shouting orders at recruits in the training yard.
Château/Palais;13;Lavinia "La Dame de Compagnie Intrigante";Elfe;Femme;Une dame de compagnie intrigante avec des robes raffinées, portant un diadème.;Accompagne la reine dans ses devoirs royaux mais complote secrètement contre elle. Cherche à gagner la confiance de la reine tout en travaillant contre ses intérêts.;D&D character design, an intriguing elven lady-in-waiting with refined robes, wearing a diadem, accompanying the queen with hidden agendas.
Château/Palais;14;Godfrey "Le Chevalier Déchu";Humain;Homme;Un chevalier déchu avec une armure de plaques ternie, portant une lance brisée.;Autrefois loyal, il a été banni pour trahison. Cherche à retrouver son honneur perdu, même si cela signifie défier l'autorité royale.;D&D character design, a disgraced human knight with tarnished plate armor, wearing a broken lance, seeking to regain his lost honor.
Château/Palais;15;Melisande "La Diplomate Manipulatrice";Elfe;Femme;Une diplomate manipulatrice avec des robes sophistiquées, portant un collier de perles.;Négocie des alliances et des traités mais utilise souvent des tactiques sournoises. Cherche à manipuler les événements pour servir ses propres intérêts.;D&D character design, a manipulative elven diplomat with sophisticated robes, wearing a pearl necklace, negotiating treaties with cunning tactics.
Château/Palais;16;Oliver "Le Maître des Réjouissances Excentrique";Humain;Homme;Un maître des réjouissances excentrique avec des vêtements colorés, portant un chapeau festif.;Organise les fêtes et les célébrations royales mais ses idées sont souvent trop extravagantes. Cherche à impressionner le roi avec des spectacles grandioses, même si cela dépasse le budget.;D&D character design, an eccentric human master of revels with colorful clothes, wearing a festive hat, planning over-the-top celebrations in the grand banquet hall.
Château/Palais;17;Cassio "La Gouvernante Stricte";Humaine;Femme;Une gouvernante stricte avec des vêtements sobres, portant un trousseau de clés.;Supervise le personnel du palais avec une main de fer. Cherche à maintenir l'ordre, même si cela signifie être impitoyable envers les serviteurs.;D&D character design, a strict human housekeeper with sober clothes, wearing a set of keys, enforcing order among the palace staff with an iron fist.
Château/Palais;18;Benedict "Le Héraut Prétentieux";Humain;Homme;Un héraut prétentieux avec une trompette et des vêtements cérémoniels.;Annonce les proclamations royales avec une arrogance démesurée. Cherche à se faire remarquer par le roi, même si cela signifie exagérer ses propres exploits.;D&D character design, a pretentious human herald with a trumpet and ceremonial attire, announcing royal proclamations with exaggerated flair.
Château/Palais;19;Lydia "Le Chambellan Corrompu";Humaine;Femme;Une chambellane corrompue avec des vêtements formels, portant un registre.;Gère les affaires quotidiennes du palais mais accepte des pots-de-vin. Cherche à enrichir ses propres poches, même si cela signifie trahir ses responsabilités.;D&D character design, a corrupt human chamberlain with formal attire, wearing a ledger, managing palace affairs while accepting bribes.
Château/Palais;20;Felicity "La Chapelaine Douteuse";Halfeline;Femme;Une chapelaine douteuse avec des robes sacrées, portant un symbole divin.;Offre un soutien spirituel mais doute souvent de sa propre foi. Cherche à retrouver sa foi tout en aidant les autres à trouver la leur.;D&D character design, a doubtful halfling chaplain with sacred robes, wearing a divine symbol, questioning her own faith while supporting others.
Guilde/Atelier;11;Adrian "Le Forgeron Perfectionniste";Humain;Homme;Un forgeron perfectionniste avec un tablier de cuir, portant des gants de protection.;Forge des armes et des armures de haute qualité. Cherche à créer l'épée parfaite pour un champion légendaire.;D&D character design, a perfectionist human blacksmith with a leather apron, wearing protective gloves, hammering a glowing piece of metal in a fiery forge.
Guilde/Atelier;12;Freya "L'Alchimiste Ingénieuse";Halfeline;Femme;Une alchimiste ingénieuse avec des lunettes de protection, portant une blouse tachée.;Expérimente avec des potions et des élixirs. Cherche à découvrir une formule magique pour guérir une maladie incurable.;D&D character design, a clever halfling alchemist with protective goggles, wearing a stained lab coat, mixing colorful liquids in a cluttered workshop.
Guilde/Atelier;13;Lyra "La Tailleuse Créative";Elfe;Femme;Une tailleuse créative avec des aiguilles et du fil, portant des vêtements élégants.;Crée des vêtements sur mesure pour la noblesse. Cherche à confectionner la robe parfaite pour le bal royal à venir.;D&D character design, a creative elven seamstress with needles and thread, wearing elegant clothes, crafting custom garments in a well-lit atelier.
Guilde/Atelier;14;Gareth "Le Menuisier Habile";Humain;Homme;Un menuisier habile avec des outils de menuiserie, portant un tablier de travail.;Crée des meubles et des structures en bois. Cherche à construire un meuble unique pour un client exigeant, utilisant un bois rare.;D&D character design, a skilled human carpenter with woodworking tools, wearing a work apron, crafting furniture in a busy workshop.
Guilde/Atelier;15;Mirabelle "La Sculptrice Talentueuse";Elfe;Femme;Une sculptrice talentueuse avec des outils de sculpture, portant des vêtements tachés de pierre.;Crée des statues et des œuvres d'art en pierre. Cherche à sculpter une statue monumentale pour honorer un héros local.;D&D character design, a talented elven sculptor with sculpting tools, wearing stone-stained clothes, crafting statues in a dusty studio.
Guilde/Atelier;16;Oswald "Le Verrier Talentueux";Humain;Homme;Un verrier talentueux avec des outils de verrerie, portant des vêtements protecteurs.;Crée des objets en verre délicats. Cherche à créer une pièce de verre parfaite pour une exposition royale.;D&D character design, a skilled human glassblower with glassworking tools, wearing protective clothes, crafting delicate glass objects in a hot workshop.
Guilde/Atelier;17;Cassandra "La Tisserande Habile";Humaine;Femme;Une tisserande habile avec un métier à tisser, portant des vêtements simples.;Crée des tissus et des tapisseries complexes. Cherche à tisser une tapisserie racontant l'histoire épique d'un héros oublié.;D&D character design, a skilled human weaver with a loom, wearing simple clothes, weaving intricate tapestries in a quiet studio.
Guilde/Atelier;18;Benedict "Le Tanneur Robuste";Humain;Homme;Un tanneur robuste avec des outils de tannage, portant un tablier de cuir.;Traite les peaux pour en faire du cuir. Cherche à créer le cuir le plus fin pour une commande spéciale d'un noble.;D&D character design, a robust human tanner with tanning tools, wearing a leather apron, treating hides in a busy tannery.
Guilde/Atelier;19;Adeline "La Forgeronne Maladroite";Humaine;Femme;Une forgeronne maladroite avec un tablier de cuir, portant des gants de protection.;Forge des armes et des armures mais cause souvent des accidents. Cherche à améliorer ses compétences malgré ses maladresses.;D&D character design, a clumsy human blacksmith with a leather apron, wearing protective gloves, causing accidents while hammering metal in a fiery forge.
Guilde/Atelier;20;Felix "L'Alchimiste Distrait";Halfelin;Homme;Un alchimiste distrait avec des lunettes de protection, portant une blouse tachée.;Expérimente avec des potions et des élixirs mais fait souvent des erreurs. Cherche à se concentrer davantage, mais son esprit vagabonde constamment.;D&D character design, a distracted halfling alchemist with protective goggles, wearing a stained lab coat, making frequent mistakes while mixing liquids in a cluttered workshop.
Militaire;11;Adrian "Le Capitaine Valeureux";Humain;Homme;Un capitaine valeureux avec une armure polie, portant une épée.;Commande une unité de soldats d'élite. Cherche à protéger les frontières du royaume contre les invasions ennemies.;D&D character design, a valiant human captain with polished armor, wearing a sword, leading troops on a fortified border.
Militaire;12;Freya "La Sergente Stricte";Halfeline;Femme;Une sergente stricte avec une armure légère, portant un bouclier.;Entraîne les nouvelles recrues pour le combat. Cherche à maintenir la discipline, même si cela signifie être crainte plutôt que respectée.;D&D character design, a strict halfling sergeant with light armor, wearing a shield, shouting orders at recruits in the training yard.
Militaire;13;Lyra "L'Éclaireuse Agile";Elfe;Femme;Une éclaireuse agile avec un arc long, portant des vêtements de camouflage.;Patrouille les territoires ennemis pour recueillir des informations. Cherche à découvrir les plans de bataille de l'ennemi pour anticiper leurs mouvements.;D&D character design, an agile elven scout with a longbow, wearing camouflage clothes, scouting enemy territories for intelligence.
Militaire;14;Gareth "Le Chevalier Loyal";Humain;Homme;Un chevalier loyal avec une armure de plaques, portant une lance.;Défend le royaume avec honneur et bravoure. Cherche à prouver sa valeur sur le champ de bataille et à gagner le respect de ses pairs.;D&D character design, a loyal human knight with plate armor, wearing a lance, defending the kingdom on the battlefield.
Militaire;15;Mirabelle "La Guérisseuse de Guerre Dévouée";Elfe;Femme;Une guérisseuse de guerre dévouée avec un bâton de soin, portant des robes ornées de symboles sacrés.;Soigne les blessés sur le champ de bataille. Cherche à développer de nouvelles techniques de guérison pour sauver plus de vies.;D&D character design, a devoted war healer with a healing staff, wearing robes adorned with sacred symbols, tending to the wounded on the battlefield.
Militaire;16;Oswald "L'Ingénieur Innovant";Humain;Homme;Un ingénieur innovant avec des outils de construction, portant une armure légère.;Conçoit et construit des fortifications et des engins de siège. Cherche à créer des défenses imprenables pour protéger le royaume.;D&D character design, an innovative human engineer with construction tools, wearing light armor, designing fortifications and siege engines.
Militaire;17;Cassandra "L'Espionne Discrète";Humaine;Femme;Une espionne discrète avec des vêtements sombres, portant des dagues cachées.;Infiltre les lignes ennemies pour recueillir des informations cruciales. Cherche à déjouer un complot visant à renverser le gouvernement.;D&D character design, a discreet human spy with dark clothes, wearing hidden daggers, infiltrating enemy lines to gather intelligence.
Militaire;18;Benedict "Le Stratège Visionnaire";Humain;Homme;Un stratège visionnaire avec une carte de bataille, portant des vêtements formels.;Élabore des plans de bataille pour l'armée. Cherche à anticiper les mouvements de l'ennemi et à mener le royaume vers la victoire.;D&D character design, a visionary human strategist with a battle map, wearing formal attire, planning military strategies in a war room.
Militaire;19;Adeline "Le Lieutenant Courageux";Humaine;Femme;Un lieutenant courageux avec une armure de combat, portant une épée longue.;Mène les troupes au front avec bravoure. Cherche à inspirer ses soldats et à les guider vers la victoire.;D&D character design, a brave human lieutenant with combat armor, wearing a longsword, leading troops on the front lines.
Militaire;20;Felix "Le Chapelain Fervent";Halfelin;Homme;Un chapelain fervent avec des robes sacrées, portant un symbole divin.;Offre un soutien spirituel aux soldats. Cherche à maintenir le moral des troupes et à les guider dans les moments de doute.;D&D character design, a fervent halfling chaplain with sacred robes, wearing a divine symbol, offering spiritual support to soldiers on the battlefield.
Taverne;11;Astrid "La Barmaid Bavarde";Humaine;Femme;Une barmaid bavarde avec un tablier, portant un sourire chaleureux.;Sert des boissons et raconte des histoires aux clients. Cherche à découvrir des secrets locaux pour enrichir ses récits.;D&D character design, a talkative human barmaid with an apron, serving drinks and sharing stories with a warm smile.
Taverne;12;Gerard "Le Cuisinier Créatif";Humain;Homme;Un cuisinier créatif avec un tablier taché, portant un bonnet de cuisine.;Prépare des plats uniques pour les clients. Cherche à créer un plat signature qui rendra la taverne célèbre.;D&D character design, a creative human cook with a stained apron, wearing a chef's hat, preparing unique dishes in a bustling kitchen.
Taverne;13;Nadia "La Musicienne Itinérante";Humaine;Femme;Une musicienne itinérante avec une lyre, portant des vêtements colorés.;Joue de la musique pour divertir les clients. Cherche à collecter des chansons folkloriques oubliées pour les préserver.;D&D character design, a traveling human musician with a lyre, wearing colorful clothes, playing music to entertain patrons.
Taverne;14;Roland "Le Serveur Maladroit";Humain;Homme;Un serveur maladroit avec un plateau, portant des vêtements simples.;Sert les clients mais renverse souvent les boissons. Cherche à prouver à son employeur qu'il peut s'améliorer malgré ses erreurs.;D&D character design, a clumsy human server with a tray, wearing simple clothes, often spilling drinks while serving customers.
Taverne;15;Elara "La Propriétaire Stricte";Humaine;Femme;Une propriétaire stricte avec des vêtements sobres, portant un trousseau de clés.;Gère la taverne avec une main de fer. Cherche à transformer la taverne en un lieu respectable malgré sa réputation.;D&D character design, a strict human tavern owner with sober clothes, wearing a set of keys, enforcing order among patrons.
Taverne;16;Thaddeus "Le Conteur Enjoué";Humain;Homme;Un conteur enjoué avec un chapeau à plumes, portant des vêtements fantaisistes.;Raconte des histoires captivantes aux clients. Cherche à écrire un recueil de contes basés sur ses récits.;D&D character design, a lively human storyteller with a feathered hat, wearing whimsical clothes, sharing captivating tales with patrons.
Taverne;17;Liam "Le Joueur de Cartes";Halfelin;Homme;Un joueur de cartes avec un jeu de cartes, portant des vêtements élégants.;Joue aux cartes avec les clients pour gagner de l'argent. Cherche à rembourser une dette de jeu en utilisant ses gains.;D&D character design, a card player halfling with a deck of cards, wearing elegant clothes, playing card games with patrons to win money.
Taverne;18;Selena "La Serveuse Distraite";Elfe;Femme;Une serveuse distraite avec un plateau, portant des vêtements simples.;Sert les clients mais oublie souvent les commandes. Cherche à se concentrer davantage, mais son esprit vagabonde constamment.;D&D character design, a distracted elven server with a tray, wearing simple clothes, often forgetting orders while serving customers.
Taverne;19;Cedric "Le Brasseur Expérimenté";Humain;Homme;Un brasseur expérimenté avec des outils de brassage, portant des vêtements de travail.;Crée des bières artisanales pour la taverne. Cherche à gagner un concours local de brassage pour faire connaître ses créations.;D&D character design, a skilled human brewer with brewing tools, wearing work clothes, crafting artisanal beers for the tavern.
Taverne;20;Lyra "La Chanteuse Mélancolique";Humaine;Femme;Une chanteuse mélancolique avec une voix douce, portant des vêtements sombres.;Chante des ballades tristes pour les clients. Cherche à enregistrer un album de ses chansons pour les vendre aux voyageurs.;D&D character design, a melancholic human singer with a soft voice, wearing dark clothes, singing sad ballads to touch patrons' hearts.
Lieu Malfamé;11;Darius "Le Chef de Gang";Humain;Homme;Un chef de gang imposant avec une cicatrice, portant des vêtements sombres.;Dirige un groupe de criminels dans les bas-fonds. Cherche à étendre son influence pour protéger son territoire des gangs rivaux.;D&D character design, an imposing human gang leader with a scar, wearing dark clothes, commanding a group of criminals in the underworld.
Lieu Malfamé;12;Sylvia "La Voleuse Agile";Halfeline;Femme;Une voleuse agile avec des vêtements discrets, portant une dague cachée.;Dérobe les bourses des passants sans se faire remarquer. Cherche à économiser assez pour ouvrir une boutique légitime.;D&D character design, an agile halfling thief with discreet clothes, wearing a hidden dagger, pickpocketing passersby unnoticed.
Lieu Malfamé;13;Vivienne "La Courtisane Énigmatique";Humaine;Femme;Une courtisane énigmatique avec des robes élégantes, portant un masque.;Offre ses services aux nobles et riches marchands. Cherche à découvrir des secrets politiques pour influencer les puissants.;D&D character design, an enigmatic human courtesan with elegant robes, wearing a mask, offering her services to nobles and wealthy merchants.
Lieu Malfamé;14;Hugo "Le Faux Mendiant";Humain;Homme;Un faux mendiant avec des vêtements usés, portant un bâton.;Fait semblant d'être pauvre pour tromper les passants. Cherche à collecter des informations sur les mouvements des gardes pour ses complices.;D&D character design, a fake human beggar with worn clothes, wearing a staff, pretending to be poor to deceive passersby.
Lieu Malfamé;15;Clarissa "La Receleuse";Elfe;Femme;Une receleuse avec des vêtements pratiques, portant un sac rempli d'objets volés.;Achète et vend des objets volés. Cherche à financer une expédition pour retrouver un trésor familial perdu.;D&D character design, a fence with practical clothes, wearing a bag full of stolen goods, buying and selling stolen items.
Lieu Malfamé;16;Roderick "Le Tueur à Gages";Humain;Homme;Un tueur à gages avec des vêtements sombres, portant une arbalète.;Effectue des assassinats pour le plus offrant. Cherche à se retirer de cette vie dangereuse après un dernier contrat lucratif.;D&D character design, an assassin with dark clothes, wearing a crossbow, performing hits for the highest bidder.
Lieu Malfamé;17;Eleanor "La Faussaire";Humaine;Femme;Une faussaire avec des outils de gravure, portant des vêtements sobres.;Crée des faux documents et des contrefaçons. Cherche à falsifier des documents pour aider des fugitifs à échapper à la justice.;D&D character design, a forger with engraving tools, wearing sober clothes, creating fake documents and counterfeits.
Lieu Malfamé;18;Theodore "Le Passeur";Humain;Homme;Un passeur avec des vêtements discrets, portant une lanterne.;Aide les fugitifs à traverser les frontières en secret. Cherche à réunir suffisamment d'argent pour quitter la ville et commencer une nouvelle vie.;D&D character design, a smuggler with discreet clothes, wearing a lantern, helping fugitives cross borders secretly.
Lieu Malfamé;19;Genevieve "La Guérisseuse des Ombres";Humaine;Femme;Une guérisseuse des ombres avec des herbes médicinales, portant des vêtements sombres.;Soigne les criminels blessés dans les bas-fonds. Cherche à développer un remède pour une maladie rare qui affecte les pauvres.;D&D character design, a shadow healer with medicinal herbs, wearing dark clothes, treating injured criminals in the underworld.
Lieu Malfamé;20;Orson "Le Pickpocket Malchanceux";Halfelin;Homme;Un pickpocket malchanceux avec des vêtements usés, portant une petite sacoche.;Tente de voler les passants mais échoue souvent. Cherche à prouver sa valeur à un chef de gang local malgré ses échecs.;D&D character design, an unlucky halfling pickpocket with worn clothes, wearing a small pouch, failing to steal from passersby.
Forêt/Nature;11;Brianna "La Botaniste";Humaine;Femme;Une botaniste passionnée avec un carnet de notes, portant des vêtements pratiques.;Étudie les plantes de la forêt pour découvrir de nouvelles espèces. Cherche à publier un livre sur la flore locale pour partager ses découvertes.;D&D character design, a passionate human botanist with a notebook, wearing practical clothes, studying plants in a lush forest.
Forêt/Nature;12;Alaric "Le Bûcheron Bourru";Humain;Homme;Un bûcheron bourru avec une hache, portant des vêtements de travail.;Coupe du bois pour le village. Cherche à enseigner son métier à un apprenti pour préserver les traditions.;D&D character design, a gruff human lumberjack with an axe, wearing work clothes, chopping wood in a dense forest.
Forêt/Nature;13;Seraphina "La Chasseuse de Trésors";Humaine;Femme;Une chasseuse de trésors avec une carte et une boussole, portant des vêtements d'aventurière.;Explore la forêt à la recherche de trésors cachés. Cherche à retrouver un artefact légendaire perdu dans la forêt.;D&D character design, a treasure hunter with a map and compass, wearing adventurer's clothes, exploring the forest for hidden treasures.
Forêt/Nature;14;Lucian "Le Garde Forestier";Humain;Homme;Un garde forestier avec un arc, portant des vêtements de camouflage.;Protège la forêt des braconniers et des intrus. Cherche à capturer un braconnier notoire qui menace l'écosystème local.;D&D character design, a forest ranger with a bow, wearing camouflage clothes, protecting the forest from poachers and intruders.
Forêt/Nature;15;Aeliana "La Naturaliste";Elfe;Femme;Une naturaliste avec des outils de collecte, portant des vêtements pratiques.;Étudie la faune et la flore de la forêt. Cherche à documenter les comportements des animaux pour mieux comprendre leur écosystème.;D&D character design, a naturalist with collecting tools, wearing practical clothes, studying the flora and fauna of the forest.
Forêt/Nature;16;Gabriel "Le Chasseur Solitaire";Humain;Homme;Un chasseur solitaire avec un arc et des flèches, portant des vêtements de camouflage.;Chasse pour subvenir aux besoins de sa famille. Cherche à enseigner à ses enfants l'art de la chasse pour qu'ils puissent survivre.;D&D character design, a solitary human hunter with a bow and arrows, wearing camouflage clothes, hunting to provide for his family.
Forêt/Nature;17;Rowena "L'Herboriste";Humaine;Femme;Une herboriste avec un panier rempli de plantes, portant des vêtements simples.;Collecte des plantes médicinales dans la forêt. Cherche à créer des remèdes pour soigner les malades du village.;D&D character design, a herbalist with a basket full of plants, wearing simple clothes, collecting medicinal herbs in the forest.
Forêt/Nature;18;Thorne "Le Trappeur";Humain;Homme;Un trappeur avec des pièges et des outils, portant des vêtements de travail.;Capture des animaux pour leur fourrure et leur viande. Cherche à trouver un équilibre entre survie et préservation de la nature.;D&D character design, a trapper with traps and tools, wearing work clothes, capturing animals for fur and meat.
Forêt/Nature;19;Lira "La Guide de la Forêt";Humaine;Femme;Une guide de la forêt avec une carte et un bâton de marche, portant des vêtements pratiques.;Guide les voyageurs à travers la forêt. Cherche à cartographier des sentiers sûrs pour les voyageurs inexpérimentés.;D&D character design, a forest guide with a map and walking stick, wearing practical clothes, guiding travelers through the forest.
Forêt/Nature;20;Kaelan "Le Pêcheur de Rivière";Halfelin;Homme;Un pêcheur de rivière avec une canne à pêche, portant des vêtements simples.;Pêche dans les rivières de la forêt. Cherche à attraper un poisson légendaire qui, selon la légende, exauce les vœux.;D&D character design, a river fisherman with a fishing rod, wearing simple clothes, fishing in the forest rivers.
Rue/Place Publique;11;Elowen "La Marchande de Fleurs";Humaine;Femme;Une marchande de fleurs avec un panier rempli de fleurs, portant des vêtements colorés.;Vend des fleurs fraîches sur la place publique. Cherche à cultiver des fleurs rares pour attirer plus de clients.;D&D character design, a flower seller with a basket full of flowers, wearing colorful clothes, selling fresh flowers in the town square.
Rue/Place Publique;12;Bartholomew "Le Crieur Public";Humain;Homme;Un crieur public avec un parchemin, portant des vêtements officiels.;Annonce les nouvelles et les proclamations. Cherche à informer les citoyens des événements importants avec clarté et précision.;D&D character design, a town crier with a scroll, wearing official clothes, announcing news and proclamations in the town square.
Rue/Place Publique;13;Jocelyn "La Jongleuse";Humaine;Femme;Une jongleuse avec des balles colorées, portant des vêtements vifs.;Divertit les passants avec ses talents de jonglage. Cherche à perfectionner ses numéros pour impressionner les spectateurs.;D&D character design, a juggler with colorful balls, wearing bright clothes, entertaining passersby with juggling acts.
Rue/Place Publique;14;Orion "Le Mendiant";Humain;Homme;Un mendiant avec des vêtements usés, portant un bol.;Demande l'aumône aux passants. Cherche à collecter suffisamment d'argent pour acheter des médicaments pour sa famille malade.;D&D character design, a beggar with worn clothes, wearing a bowl, begging for alms from passersby.
Rue/Place Publique;15;Mirabella "La Diseuse de Bonne Aventure";Elfe;Femme;Une diseuse de bonne aventure avec un jeu de tarot, portant des vêtements mystiques.;Prédit l'avenir des passants. Cherche à aider les gens à trouver des réponses à leurs questions existentielles.;D&D character design, a fortune teller with a tarot deck, wearing mystical clothes, predicting the future for passersby.
Rue/Place Publique;16;Oswin "Le Vendeur de Journaux";Humain;Homme;Un vendeur de journaux avec une pile de journaux, portant des vêtements simples.;Vend les dernières nouvelles aux passants. Cherche à informer les citoyens des événements récents et à augmenter ses ventes.;D&D character design, a newspaper seller with a stack of newspapers, wearing simple clothes, selling the latest news to passersby.
Rue/Place Publique;17;Cassiopeia "La Musicienne de Rue";Humaine;Femme;Une musicienne de rue avec une guitare, portant des vêtements décontractés.;Joue de la musique pour divertir les passants. Cherche à collecter des pourboires pour financer ses études musicales.;D&D character design, a street musician with a guitar, wearing casual clothes, playing music to entertain passersby.
Rue/Place Publique;18;Benedictus "Le Magicien de Rue";Humain;Homme;Un magicien de rue avec des accessoires de magie, portant des vêtements flamboyants.;Effectue des tours de magie pour impressionner les passants. Cherche à perfectionner ses tours pour attirer plus de spectateurs.;D&D character design, a street magician with magic props, wearing flamboyant clothes, performing magic tricks to impress passersby.
Rue/Place Publique;19;Adelina "La Vendeuse de Souvenirs";Humaine;Femme;Une vendeuse de souvenirs avec un étal rempli de babioles, portant des vêtements traditionnels.;Vend des souvenirs aux touristes. Cherche à promouvoir l'artisanat local en vendant des objets faits main.;D&D character design, a souvenir seller with a stall full of trinkets, wearing traditional clothes, selling local handmade items to tourists.
Rue/Place Publique;20;Felixian "Le Porteur d'Eau";Halfelin;Homme;Un porteur d'eau avec un seau et une louche, portant des vêtements simples.;Vend de l'eau fraîche aux passants. Cherche à économiser assez pour ouvrir un petit commerce de boissons.;D&D character design, a water carrier with a bucket and ladle, wearing simple clothes, selling fresh water to passersby.
Marché;11;Evelina "La Vendeuse de Fruits";Humaine;Femme;Une vendeuse de fruits avec un étal coloré, portant un tablier.;Vend des fruits frais aux clients. Cherche à offrir les fruits les plus frais et les plus savoureux pour fidéliser sa clientèle.;D&D character design, a fruit seller with a colorful stall, wearing an apron, selling fresh fruits to customers.
Marché;12;Gerhard "Le Boucher";Humain;Homme;Un boucher avec un tablier taché de sang, portant un couteau.;Vend de la viande fraîche aux clients. Cherche à offrir les meilleures coupes de viande pour satisfaire ses clients.;D&D character design, a butcher with a blood-stained apron, wearing a knife, selling fresh meat to customers.
Marché;13;Marguerite "La Vendeuse de Tissus";Humaine;Femme;Une vendeuse de tissus avec des rouleaux de tissus colorés, portant des vêtements élégants.;Vend des tissus de haute qualité aux clients. Cherche à proposer des tissus uniques pour les créations des couturiers locaux.;D&D character design, a fabric seller with rolls of colorful fabrics, wearing elegant clothes, selling high-quality fabrics to customers.
Marché;14;Olivier "Le Vendeur de Potions";Humain;Homme;Un vendeur de potions avec un étal rempli de fioles, portant des vêtements pratiques.;Vend des potions magiques et médicinales aux clients. Cherche à créer des potions uniques pour répondre aux besoins spécifiques des clients.;D&D character design, a potion seller with a stall full of vials, wearing practical clothes, selling magical and medicinal potions to customers.
Marché;15;Mirabella "La Vendeuse de Bijoux";Elfe;Femme;Une vendeuse de bijoux avec un étal scintillant, portant des bijoux élégants.;Vend des bijoux artisanaux aux clients. Cherche à créer des pièces uniques qui captivent l'œil et l'imagination.;D&D character design, a jewelry seller with a sparkling stall, wearing elegant jewelry, selling handcrafted jewelry to customers.
Marché;16;Oswald "Le Vendeur de Légumes";Humain;Homme;Un vendeur de légumes avec un étal rempli de légumes frais, portant un tablier.;Vend des légumes frais aux clients. Cherche à offrir les légumes les plus frais et les plus variés pour attirer les clients.;D&D character design, a vegetable seller with a stall full of fresh vegetables, wearing an apron, selling fresh vegetables to customers.
Marché;17;Cassandra "La Vendeuse de Livres";Humaine;Femme;Une vendeuse de livres avec un étal rempli de livres, portant des lunettes.;Vend des livres anciens et modernes aux clients. Cherche à partager son amour de la lecture en recommandant des livres à ses clients.;D&D character design, a book seller with a stall full of books, wearing glasses, selling ancient and modern books to customers.
Marché;18;Benedictus "Le Vendeur de Fromages";Humain;Homme;Un vendeur de fromages avec un étal rempli de fromages variés, portant un tablier.;Vend des fromages artisanaux aux clients. Cherche à offrir les fromages les plus savoureux et les plus variés pour satisfaire les palais les plus exigeants.;D&D character design, a cheese seller with a stall full of various cheeses, wearing an apron, selling artisanal cheeses to customers.
Marché;19;Adelina "La Vendeuse de Fleurs";Humaine;Femme;Une vendeuse de fleurs avec un étal rempli de fleurs colorées, portant un tablier.;Vend des fleurs fraîches aux clients. Cherche à offrir les fleurs les plus belles et les plus parfumées pour embellir les maisons et les jardins.;D&D character design, a flower seller with a stall full of colorful flowers, wearing an apron, selling fresh flowers to customers.
Marché;20;Felixian "Le Vendeur de Vins";Halfelin;Homme;Un vendeur de vins avec un étal rempli de bouteilles de vin, portant des vêtements élégants.;Vend des vins fins aux clients. Cherche à offrir les vins les plus raffinés et les plus délicieux pour satisfaire les connaisseurs.;D&D character design, a wine seller with a stall full of wine bottles, wearing elegant clothes, selling fine wines to customers.
